rating_wise_sorted,player_name,apps,mins,goals,assists,yellow,red,shots_per_game,pass_success_percentage,aerials_won,man_of_the_match,rating,club,tackles_per_game,interceptions_per_game,offside_won_per_game,clearance_per_game,dribbled_past_per_game,blocks_per_game,own_goals,key_pass_per_game,dribbles_per_game,fouled_per_game,offsides_per_game,dispossessed_per_game,bad_control_per_game,avg_pass_per_game,pass_Success_percentage,crosses_per_game,long_balls_per_game,through_balls_per_game
1,"Eden Hazard Chelsea, 28, M(CLR),FW",32(5),2926,16,15,2,-,2.5,84.3,0.5,14,7.81,Chelsea,0.4,0.4,-,0.1,0.3,,,2.6,3.7,2.8,0.3,2.3,2.4,49.2,84.3,0.9,2.7,0.3
2,"Raheem Sterling Manchester City, 24, M(CLR),FW",31(3),2777,17,10,3,-,2.3,85.8,0.4,8,7.61,Manchester City,0.9,0.5,-,0.1,0.5,0.1,-,1.9,2.4,1.3,0.4,2.6,2.2,37.1,85.8,0.4,0.3,-
3,"Mohamed Salah Liverpool, 27, AM(CLR),FW",37(1),3262,22,8,1,-,3.6,75.9,0.3,8,7.57,Liverpool,0.6,0.1,-,0.1,0.3,-,-,1.8,2.1,0.8,0.7,3.1,2.9,28.4,75.9,0.4,0.6,0.3
4,"Sergio Agüero Manchester City, 31, AM(CL),FW",31(2),2480,21,8,3,-,3.6,85,0.5,5,7.53,Manchester City,0.5,0.3,-,0.1,0.1,-,-,1,1.4,0.8,0.8,1.6,2.2,23.4,85,-,0.1,0.1
5,"Virgil van Dijk Liverpool, 28, D(C)",38,3385,4,2,1,-,0.8,89.7,4.8,4,7.44,Liverpool,1,1.1,1.1,5.2,-,0.5,-,0.2,0.2,0.6,-,-,0.2,79.9,89.7,-,5.3,-
6,"Sadio Mané Liverpool, 27, AM(CLR),FW",35(1),3086,22,1,2,-,2.4,78.2,1,6,7.43,Liverpool,1,0.4,0.1,0.2,0.8,0.1,-,1.3,1.4,1.8,0.7,1.3,2.9,32.9,78.2,0.2,1.3,0.1
7,"Harry Kane Tottenham, 26, AM(C),FW",27(1),2427,17,4,5,-,3.6,73.1,1.8,6,7.38,Tottenham,0.4,-,-,0.5,0.5,0.2,-,1.1,1.4,1.9,0.4,1.6,2.9,19.7,73.1,0.1,1.6,-
8,"Trent Alexander-Arnold Liverpool, 20, D(R),M(R)",27(2),2467,1,12,3,-,1,77.5,0.3,1,7.36,Liverpool,2.1,1.2,0.3,2.1,1.1,0.1,-,1.7,0.5,0.2,0.1,0.5,1.4,58.5,77.5,2,4,0.1
9,"Lucas Digne Everton, 26, D(L)",33(2),2966,4,4,5,1,1,76,2.6,4,7.36,Everton,2,1.7,0.3,2.7,0.5,0.3,1,2,0.4,0.9,0.1,0.9,0.9,41.6,76,2.4,1.7,-
10,"Ricardo Pereira Leicester, 25, D(LR),M(R)",35,3125,2,6,7,-,0.7,78,1.9,4,7.34,Leicester,3.4,1.7,0.2,3,1.7,0.2,-,0.9,1.9,1.4,0.1,1,1.5,43.8,78,0.4,1.2,-
11,"Paul Pogba Manchester United, 26, M(C)",34(1),3012,13,9,6,-,3,82.8,1.7,7,7.31,Manchester United,1.3,0.5,-,1,0.7,0.3,-,1.6,1.7,2,0.1,2.5,2.1,59.1,82.8,0.1,4.7,0.2
12,"Fernandinho Manchester City, 34, D(R),DMC",27(2),2382,1,3,5,-,1,87.5,2.6,2,7.31,Manchester City,2,1.4,0.1,2.4,0.7,0.1,-,0.8,0.7,0.9,0.1,0.4,0.9,70.7,87.5,-,2.7,0.2
13,"Fabian Schär Newcastle United, 27, D(C)",22(2),2004,4,1,12,-,1,68.1,2.7,6,7.3,Newcastle United,2.5,2.8,0.4,5.7,1.1,0.7,-,0.5,0.6,0.8,-,0.4,0.5,41.4,68.1,0.1,5.6,-
14,"Aaron Wan-Bissaka Crystal Palace, 21, D(R)",35,3135,-,3,4,1,0.3,73,1.2,3,7.27,Crystal Palace,3.7,2.4,0.3,3.7,0.3,0.5,-,0.4,1.7,0.5,0.1,1.1,1.2,33.3,73,0.3,1,-
15,"David Silva Manchester City, 33, M(CLR)",28(5),2412,6,8,3,-,1.5,87.8,0.6,1,7.26,Manchester City,0.9,0.7,-,0.4,0.6,-,-,2.2,0.9,0.8,0.2,0.9,0.8,61.1,87.8,0.5,1.2,0.2
16,"Bernardo Silva Manchester City, 24, AM(CLR)",31(5),2853,7,7,3,-,1.7,86.1,0.3,4,7.26,Manchester City,1.4,0.7,-,0.7,1.4,0.1,-,2,1.4,0.7,0.1,1,1.2,47.4,86.1,0.3,2,0.1
17,"Leroy Sané Manchester City, 23, M(CLR)",21(10),1867,10,10,1,-,1.8,84.4,0.3,1,7.26,Manchester City,0.8,0.3,-,0.1,0.7,0.1,-,1.3,1.8,0.5,0.6,1.4,2.3,27.3,84.4,0.5,0.1,0.1
18,"Felipe Anderson West Ham, 26, M(CLR),FW",36,3054,9,4,3,-,1.6,76,0.3,6,7.23,West Ham,2.5,1.1,-,0.3,1.9,-,-,1.8,2.1,1.4,0.1,1.5,2.7,46.3,76,0.9,2.4,0.3
19,"Wilfred Ndidi Leicester, 22, DMC",37(1),3299,2,-,8,-,1.4,79.9,3.4,3,7.21,Leicester,3.8,2.2,0.1,2.1,1.3,0.2,-,0.6,0.9,0.6,0.1,0.9,1.5,52.2,79.9,-,2.4,0.1
20,"Wilfried Zaha Crystal Palace, 26, AM(LR),FW",34,3041,10,5,8,1,2.1,77.3,0.3,6,7.21,Crystal Palace,1.1,0.3,-,-,0.6,-,-,1.6,3.4,3,0.5,4.2,3.6,29.6,77.3,0.3,0.7,0.1
21,"James Maddison Leicester, 22, AM(CLR)",35(1),2850,7,7,3,1,2.3,83.8,0.3,3,7.2,Leicester,1.3,0.3,-,0.1,1.2,0.1,-,2.8,1.4,2.2,0.1,1.1,1.3,39,83.8,1.9,2.2,0.3
22,"Roberto Firmino Liverpool, 27, M(CLR),FW",31(3),2620,12,6,-,-,2.2,80.8,0.9,4,7.2,Liverpool,0.9,0.2,-,0.4,0.8,-,-,1.3,1.4,0.3,0.2,1.8,2.3,37.6,80.8,0.1,0.5,0.1
23,"Luka Milivojevic Crystal Palace, 28, DMC",38,3420,12,2,10,-,1.5,80,1.4,2,7.19,Crystal Palace,2.4,1.9,-,1.7,1.4,0.4,-,1.6,0.3,1,-,0.5,0.7,52.3,80,1.4,3.4,-
24,"Marcos Alonso Chelsea, 28, D(CL),M(L)",31,2761,2,4,6,-,1.5,85,2.1,2,7.18,Chelsea,2.4,1.3,0.2,2.8,0.8,0.1,-,1.1,0.5,1.2,0.1,0.9,1,60.7,85,0.3,1.4,-
25,"Alexandre Lacazette Arsenal, 28, M(LR),FW",27(8),2507,13,8,2,-,2.3,74.2,1.3,4,7.17,Arsenal,1,0.4,-,0.8,0.7,-,-,0.9,1.3,1.5,0.7,1.7,2,22,74.2,0.1,0.5,0.1
26,"Gylfi Sigurdsson Everton, 29, M(CLR),FW",36(2),3134,13,6,3,-,2.3,76.2,0.5,6,7.16,Everton,1.5,0.7,-,0.6,0.8,0.1,-,1.9,1,1,0.1,0.8,2.1,26.1,76.2,1.3,0.7,0.3
27,"Sol Bamba Cardiff, 34, D(C),DMC",28,2477,4,1,7,-,0.8,69.1,3.4,3,7.15,Cardiff,2.6,2.9,0.2,6.3,0.9,1.1,-,0.1,0.5,0.4,0.1,0.4,0.7,19.6,69.1,-,1.6,-
28,"Idrissa Gueye Everton, 29, M(C)",32(1),2826,-,2,6,-,0.6,84.3,1,2,7.14,Everton,4.3,2.2,-,1.3,1.2,0.2,-,0.5,0.7,1.2,-,0.9,1,52.8,84.3,0.1,3.2,0.1
29,"Michael Keane Everton, 26, D(CR)",33,2970,1,2,2,-,0.9,80.8,5.8,2,7.13,Everton,1.2,1.3,0.8,5.5,0.4,0.7,-,0.3,0.2,0.2,-,0.1,0.3,48.3,80.8,-,3.1,-
30,"Etienne Capoue Watford, 31, D(C),M(CL)",33,2947,1,3,14,1,0.5,84.4,2,2,7.13,Watford,2.8,2.6,0.1,2.8,1.6,0.4,-,0.3,1,1.8,-,0.6,0.5,53,84.4,-,3.5,0.1
31,"Matt Doherty Wolverhampton Wanderers, 27, D(LR),M(R)",35(3),3147,4,5,5,-,1.2,71.6,3.8,2,7.12,Wolverhampton Wanderers,1.8,1.6,0.1,2.2,0.6,0.2,1,1,0.5,0.6,0.1,0.6,1.2,36.8,71.6,0.4,1.4,0.1
32,"Willy Boly Wolverhampton Wanderers, 28, D(C)",36,3169,4,-,2,1,0.7,81,3.8,2,7.12,Wolverhampton Wanderers,2.4,2,0.1,4.8,0.6,0.9,-,0.3,0.4,0.4,0.1,0.4,0.3,47.6,81,-,2.4,-
33,"Andrew Robertson Liverpool, 25, D(L),M(L)",36,3219,-,11,4,-,0.4,83.2,0.7,1,7.12,Liverpool,2.2,0.8,0.5,1.3,0.9,0.2,-,1.4,0.8,0.4,-,0.6,0.9,66.6,83.2,0.6,2.2,-
34,"James Tarkowski Burnley, 26, D(C)",35,3087,3,1,8,-,0.6,69.5,4.8,3,7.11,Burnley,2,1.2,0.3,6.7,0.6,1.6,-,0.1,0.2,0.9,0.1,0.3,0.7,32.4,69.5,-,3.1,-
35,"Shane Duffy Brighton, 27, D(C)",35,3088,5,1,4,1,1.1,75.2,5.3,6,7.11,Brighton,1,1,0.1,6.9,0.3,1.3,-,0.2,0.1,0.3,0.1,0.1,0.5,37.3,75.2,-,3.1,-
36,"Troy Deeney Watford, 31, FW",28(4),2548,9,5,4,1,2,60.7,6.5,4,7.11,Watford,0.8,0.2,-,0.9,0.8,0.1,-,1.3,0.2,1.1,0.4,1.1,1.9,25.8,60.7,0.1,0.4,0.1
37,"Joel Matip Liverpool, 27, D(C)",17(5),1535,1,-,3,-,0.4,86.9,3,2,7.11,Liverpool,1.8,1.5,0.8,3.5,0.5,0.3,-,0.1,0.3,0.8,-,-,0.3,61,86.9,-,2.1,-
38,"Kieran Trippier Tottenham, 28, D(R),M(R)",26(1),2278,1,3,2,-,0.3,78.9,1.1,1,7.1,Tottenham,2.5,0.9,0.6,2.3,0.9,0.2,1,1.8,0.3,0.9,0.2,0.5,0.7,57.1,78.9,2,2.6,0.1
39,"Pierre-Emerick Aubameyang Arsenal, 30, M(LR),FW",30(6),2733,22,5,-,-,2.6,74,0.9,4,7.1,Arsenal,0.6,0.2,-,0.5,0.6,-,-,0.9,0.8,0.6,0.6,0.9,1.7,19.2,74,0.3,0.3,-
40,"Son Heung-Min Tottenham, 27, M(CLR),FW",23(8),2049,12,6,2,1,2.4,85.6,0.1,4,7.1,Tottenham,0.7,0.3,-,0.1,0.8,0.1,-,1.1,1.5,0.6,0.7,1.4,1.9,24.3,85.6,0.2,0.4,0.1
41,"Ilkay Gündogan Manchester City, 28, M(C)",23(8),2136,6,3,3,-,1.4,90.8,0.8,2,7.1,Manchester City,0.6,0.9,-,0.6,0.8,0.1,-,1.4,0.6,0.7,-,0.5,0.9,64.4,90.8,0.9,2.4,0.1
42,"Ryan Fraser Bournemouth, 25, M(CLR)",35(3),3173,7,14,2,-,1.3,76.9,0.3,5,7.08,Bournemouth,0.5,0.6,-,0.5,0.6,0.2,-,2.4,0.6,1.8,0.3,0.7,1.4,31.4,76.9,2,0.7,0.1
43,"Christian Eriksen Tottenham, 27, M(CLR)",30(5),2772,8,12,3,-,2.4,81,0.4,2,7.08,Tottenham,1.2,0.4,-,0.2,1.2,0.1,-,2.1,0.5,0.5,0.1,0.8,1.7,53.5,81,0.9,2.3,0.3
44,"David Luiz Chelsea, 32, D(C),DMC",36,3239,3,2,3,-,0.9,88,2.3,-,7.08,Chelsea,1.1,1,0.7,4,0.2,0.5,-,0.6,0.3,0.8,-,0.1,0.4,72.8,88,-,6,0.3
45,"Philip Billing Huddersfield, 23, DMC",25(2),2192,2,-,7,-,1.6,78.6,3.3,3,7.08,Huddersfield,2.7,2,0.2,1.5,0.9,0.6,-,0.8,0.7,1.1,0.1,1,2,39.8,78.6,0.3,2.9,-
46,"Raúl Jiménez Wolverhampton Wanderers, 28, FW",36(2),3125,13,7,4,-,2.9,72.8,2.1,4,7.07,Wolverhampton Wanderers,0.8,0.7,-,1,0.4,0.1,-,1.1,0.9,1,0.9,1.8,2.5,27.9,72.8,0.2,0.9,0.1
47,"Jannik Vestergaard Southampton, 26, D(C)",23,2030,-,-,2,-,0.6,76.9,3.7,-,7.07,Southampton,2.3,1.5,0.9,7.4,0.7,0.9,-,0.2,0.4,0.6,-,0.2,0.4,36.7,76.9,-,2.3,0.1
48,"João Moutinho Wolverhampton Wanderers, 32, M(C)",35(3),3040,1,8,4,-,0.5,84.8,0.6,1,7.06,Wolverhampton Wanderers,3,1.1,-,1.1,2.2,0.3,-,2.2,0.3,1,-,0.7,0.4,49,84.8,1.7,3.3,-
49,"Willian Chelsea, 30, AM(CLR)",26(6),2109,3,6,2,-,1.9,85.7,0.3,2,7.06,Chelsea,1.1,0.4,-,0.3,0.5,-,-,2.5,1.2,1,0.3,1.2,1.6,38.4,85.7,1.2,1.2,0.1
50,"Shkodran Mustafi Arsenal, 27, D(CR)",31,2617,2,-,9,-,0.6,81.9,4,2,7.05,Arsenal,2,1.9,0.7,5.2,0.3,0.5,-,0.2,0.3,0.3,0.1,0.2,0.4,56.9,81.9,-,3.2,0.1
51,"Aymeric Laporte Manchester City, 25, D(CL)",34(1),3057,3,3,3,-,0.7,92.3,2.2,1,7.05,Manchester City,1.2,1.1,0.4,2.7,0.3,0.3,-,0.4,0.1,0.5,0.1,0.1,0.3,85.6,92.3,-,4.9,-
52,"Salomón Rondón Newcastle United, 29, FW",30(2),2609,11,7,1,-,2.8,69.9,4.6,1,7.05,Newcastle United,0.3,0.2,-,1.2,0.6,0.1,-,1,0.6,0.8,0.6,2.4,3.1,23,69.9,0.1,0.3,0.1
53,"Ben Chilwell Leicester, 22, D(L),M(L)",36,3240,-,4,4,-,0.6,72.3,3.1,4,7.04,Leicester,1.5,1.1,0.3,3.6,0.9,0.2,-,1.3,1.4,1.2,0.1,1.3,2,46.8,72.3,0.6,1.2,-
54,"Jan Bednarek Southampton, 23, D(C)",24(1),2151,-,1,7,-,0.2,70.5,3.2,3,7.04,Southampton,1.6,2.8,0.8,6.7,0.6,1.1,-,0.4,-,0.2,-,0.2,0.2,32.8,70.5,-,1.7,0.1
55,"Dwight McNeil Burnley, 19, M(L)",19(2),1599,3,5,2,-,1.3,75.7,1,2,7.03,Burnley,1.7,0.6,-,1.5,1.5,0.1,-,1.2,1.5,0.5,-,1.1,1.5,21.6,75.7,1.6,0.9,-
56,"Granit Xhaka Arsenal, 26, M(C)",29,2502,4,2,10,-,1,85.3,1.8,4,7.03,Arsenal,1.8,1.2,0.2,1.9,1.2,0.3,-,1.4,0.2,1.8,-,0.6,0.6,77.4,85.3,1.1,5.5,0.1
57,"Aleksandar Mitrovic Fulham, 24, FW",37,3282,11,3,7,-,3.5,72,6.5,4,7.03,Fulham,0.5,0.2,-,1.4,0.3,0.2,-,0.8,0.6,1.6,0.9,2.6,3,27.7,72,-,0.4,0.1
58,"Lukasz Fabianski West Ham, 34, GK",38,3420,-,-,-,-,-,49.7,0.3,1,7.02,West Ham,-,-,-,0.7,0.1,-,-,0.1,0.1,0.2,-,-,-,28.2,49.7,-,8.5,-
59,"César Azpilicueta Chelsea, 29, D(CLR),M(R)",38,3403,1,5,4,-,0.4,87,1.8,1,7.01,Chelsea,2.8,1.1,0.4,2,0.8,0.4,-,0.7,0.3,0.4,0.1,0.2,0.9,65.3,87,0.6,1.3,0.1
60,"Harry Maguire Leicester, 26, D(C)",31,2599,3,-,6,1,1,85.6,3.8,2,7.01,Leicester,1,1.2,0.8,4.9,0.2,0.6,-,0.4,0.5,0.5,0.1,0.2,0.7,56.4,85.6,-,6.2,-
61,"José Holebas Watford, 35, D(L),M(L)",27(1),2394,3,6,12,1,0.6,68.5,2.2,-,7,Watford,2.4,0.8,0.4,2.9,0.9,0.3,-,1.4,0.8,0.5,0.1,0.9,1,29.8,68.5,1.5,1.6,-
62,"Callum Wilson Bournemouth, 27, FW",29(1),2535,14,9,3,-,2.2,67.1,1.5,4,6.99,Bournemouth,0.3,0.1,-,0.5,0.3,0.1,-,1,0.6,1.1,0.6,1.5,3.2,14.7,67.1,0.2,0.1,-
63,"Fabián Balbuena West Ham, 27, D(C)",23,2014,1,-,2,-,0.8,79.4,3,1,6.98,West Ham,1.7,2.3,0.6,7.5,1.1,0.6,-,0.1,-,0.2,-,0.1,0.2,36.2,79.4,-,2.2,-
64,"Andros Townsend Crystal Palace, 28, AM(LR),FW",34(4),3018,6,4,1,-,1.7,78.8,0.1,2,6.98,Crystal Palace,1.6,1,-,0.4,1.4,0.1,-,1.6,1.5,1.5,0.2,2,2.1,27,78.8,1,0.8,-
65,"Pedro Chelsea, 32, M(CLR)",21(10),1781,8,2,2,-,1.8,86.5,0.3,5,6.97,Chelsea,0.9,0.6,-,0.3,0.8,0.1,-,0.9,1.4,0.8,0.3,1.1,1,34.4,86.5,0.3,1.2,0.1
66,"Nacho Monreal Arsenal, 33, D(CL),M(L)",21(1),1861,1,3,5,-,0.3,87.6,1.6,-,6.97,Arsenal,1.6,1.4,0.5,2.5,0.5,0.5,-,0.5,0.3,1,-,0.1,0.5,53.1,87.6,0.2,1.4,-
67,"Jefferson Lerma Bournemouth, 24, D(R),DMC",29(1),2511,2,-,12,-,1,83.2,2.5,-,6.97,Bournemouth,1.5,1.8,-,2.8,1.3,0.6,1,0.5,0.7,1.7,0.1,0.7,0.8,52,83.2,0.1,2.3,0.1
68,"Steve Cook Bournemouth, 28, D(C)",31,2787,1,1,3,-,0.7,79.3,4.1,1,6.96,Bournemouth,1.2,1.6,0.7,6.4,0.2,0.7,1,0.4,0.2,0.9,-,-,0.2,48.4,79.3,0.1,3.4,-
69,"Sean Morrison Cardiff, 28, D(C)",34,3040,1,3,6,-,1,62.8,6.6,1,6.96,Cardiff,1,1.5,0.3,5.9,0.4,0.9,-,0.6,0.2,0.6,0.3,0.3,0.4,21.7,62.8,-,1.1,-
70,"Joshua King Bournemouth, 27, AM(CLR),FW",34(1),2974,12,3,3,-,2.1,72,2.5,5,6.96,Bournemouth,0.9,0.2,-,0.4,0.6,0.1,-,1.1,1.9,1.3,0.2,2.7,3.2,23,72,0.2,0.3,0.1
71,"Kyle Walker Manchester City, 29, D(CR),M(R)",30(3),2777,1,1,3,-,0.6,90.1,1.4,-,6.96,Manchester City,1.2,1.1,0.2,1.5,0.4,0.2,-,0.7,0.5,0.4,0.1,0.4,0.8,72.4,90.1,0.1,3.5,-
72,"Ander Herrera Manchester United, 29, M(C)",16(6),1405,2,3,4,-,1,87.8,0.2,2,6.96,Manchester United,2.5,1.7,-,1,1.8,0.3,-,0.7,0.5,0.9,-,0.4,0.6,44.5,87.8,-,1.5,0.1
73,"Riyad Mahrez Manchester City, 28, AM(CLR)",14(13),1338,7,4,-,-,2,84.7,0.7,3,6.96,Manchester City,0.5,0.3,-,0.1,0.4,-,-,0.9,0.9,0.6,0.3,1,1,29.5,84.7,0.6,1.4,0.2
74,"Hugo Lloris Tottenham, 32, GK",33,2970,-,-,-,-,-,73.6,0.3,2,6.96,Tottenham,-,-,-,1,0.1,-,-,-,-,0.1,-,-,0.1,31.7,73.6,-,6.7,-
75,"Lucas Moura Tottenham, 26, AM(CLR),FW",25(7),2128,10,-,3,-,1.4,76.1,1.1,3,6.96,Tottenham,1.1,0.8,-,0.8,0.6,-,-,0.8,1.4,1.5,0.4,1.1,2.1,22.6,76.1,-,0.4,-
76,"Isaac Hayden Newcastle United, 24, DMC",21(4),1864,1,4,3,1,0.9,79.4,2.2,2,6.96,Newcastle United,2.9,1.6,0.1,1.1,0.7,0.2,-,0.9,0.5,0.6,-,1,1.3,28.8,79.4,0.2,1,0.1
77,"Fabinho Liverpool, 25, D(R),DMC",21(7),2013,1,2,6,-,0.6,85.3,2,-,6.95,Liverpool,2.1,1,0.2,0.9,1.3,0.2,-,0.6,0.4,1.1,-,0.6,0.4,57.5,85.3,0.1,2.6,-
78,"Marcus Rashford Manchester United, 21, AM(LR),FW",26(7),2345,10,6,3,1,2.5,78.1,0.9,3,6.95,Manchester United,0.7,0.1,-,0.7,0.7,-,-,1.2,1.3,1.6,0.5,1.4,2.5,20.2,78.1,0.3,0.5,-
79,"Matt Ritchie Newcastle United, 29, D(L),M(CLR)",35(1),2940,2,8,9,-,1.1,73.1,1,1,6.95,Newcastle United,1.9,1.4,0.1,1.7,0.8,0.3,-,1.7,0.4,1.1,-,0.5,1.3,30.5,73.1,1.9,1.6,-
80,"Ayoze Pérez Newcastle United, 26, AM(CLR),FW",34(3),2928,12,2,2,-,1.5,75.9,0.7,3,6.95,Newcastle United,1.6,1.1,-,0.8,1.2,0.1,-,1.2,1.2,1.1,0.2,2.1,2.7,21.1,75.9,0.1,0.7,0.1
81,"Dele Alli Tottenham, 23, M(CL)",22(3),1835,5,3,4,-,1.6,80.3,0.8,1,6.95,Tottenham,1.3,0.8,-,0.7,0.8,0.2,-,1.1,1.2,0.8,0.1,1.2,2,41.1,80.3,0.1,1,0.1
82,"Jamie Vardy Leicester, 32, AM(L),FW",30(4),2733,18,4,3,1,2.3,65.6,2,3,6.94,Leicester,0.4,0.2,-,0.8,0.4,-,-,0.9,0.4,0.6,1.1,0.6,1.5,12.2,65.6,0.2,0.2,-
83,"Declan Rice West Ham, 20, D(C),DMC",34,3005,2,-,4,-,0.6,86.4,1.6,2,6.93,West Ham,2.9,1.5,-,1.6,1.5,0.4,-,0.3,0.8,0.2,-,0.6,0.6,44.6,86.4,-,2.9,-
84,"N'Golo Kanté Chelsea, 28, DMC",36,3096,4,4,3,-,0.8,87.9,0.8,1,6.93,Chelsea,2.1,1.2,-,0.7,1.2,0.2,-,1.3,0.9,0.4,0.2,1.5,1.6,56.2,87.9,0.2,1,0.1
85,"Michail Antonio West Ham, 29, D(R),M(CLR),FW",22(11),2101,6,4,3,-,2,68.1,2.4,2,6.92,West Ham,0.7,0.5,0.1,0.6,0.2,0.1,-,0.7,1.8,1.3,0.3,2.1,2.5,20.2,68.1,0.2,0.8,0.1
86,"James Milner Liverpool, 33, D(LR),M(CLR)",19(12),1787,5,4,5,1,0.8,84.6,0.6,1,6.91,Liverpool,1.4,0.6,0.2,0.7,0.8,0.2,-,1.4,0.5,0.9,-,0.3,1,45.2,84.6,1.2,2.6,0.1
87,"Luke Shaw Manchester United, 24, D(L),M(L)",29,2592,1,4,11,-,0.7,83.3,1.7,2,6.91,Manchester United,1.9,0.7,0.1,2.8,0.7,0.4,-,1.1,0.9,0.6,-,0.5,1,57.2,83.3,0.5,1.6,0.1
88,"Nathan Redmond Southampton, 25, AM(CLR),FW",36(2),3278,6,4,3,-,1.9,75.4,0.7,3,6.91,Southampton,1.2,0.5,-,0.6,0.7,0.1,-,1.4,2.4,0.7,0.4,2.1,2.2,29.6,75.4,0.6,1.3,-
89,"Bernardo Brighton, 24, D(LR)",19(3),1751,-,1,4,-,0.4,72.7,2,-,6.9,Brighton,2.8,1.5,0.2,3,0.6,0.6,-,0.5,0.6,1,0.1,0.5,1.2,35.7,72.7,0.3,1,-
90,"Anthony Martial Manchester United, 23, AM(LR),FW",18(9),1624,10,2,2,-,1.4,79.3,0.7,2,6.9,Manchester United,0.3,0.1,-,0.3,0.4,-,-,1.3,1.2,1,0.2,1.2,1.7,26.2,79.3,0.1,0.1,0.1
91,"Arthur Masuaku West Ham, 25, D(L),M(L)",19(4),1758,-,1,2,-,0.2,83.3,0.9,1,6.9,West Ham,2.5,1.6,0.7,2.4,1.1,0.3,-,0.6,1.6,0.2,-,1.2,1,38.3,83.3,0.2,2.2,-
92,"Diogo Jota Wolverhampton Wanderers, 22, AM(CL),FW",29(4),2372,9,5,11,-,1.8,75.6,0.8,3,6.89,Wolverhampton Wanderers,0.8,0.4,-,0.3,0.8,-,-,0.8,1.7,1.7,0.2,1.5,2.3,22.6,75.6,0.2,0.5,0.1
93,"Jan Vertonghen Tottenham, 32, D(CL)",22,1915,1,-,3,1,0.7,87.5,2.3,1,6.89,Tottenham,1.8,1.5,0.9,3.3,0.5,0.5,-,0.2,0.4,0.5,-,0.1,0.5,69.6,87.5,0.2,3.1,-
94,"Richarlison Everton, 22, AM(CLR),FW",32(3),2679,13,1,5,1,2.4,68.5,2,3,6.89,Everton,1.4,0.5,-,1.1,0.5,0.1,-,0.6,1.1,2.1,0.5,2.6,3.2,22.7,68.5,0.1,0.6,-
95,"Issa Diop West Ham, 22, D(C)",33,2970,1,-,4,-,0.4,86,2.3,1,6.89,West Ham,2.1,1.9,1.1,4.7,0.6,1.1,1,0.1,0.2,0.5,0.1,-,0.4,34.4,86,-,1.6,-
96,"Georginio Wijnaldum Liverpool, 28, M(CL)",32(3),2736,3,-,3,-,0.9,91.1,0.9,1,6.89,Liverpool,1.2,0.6,-,0.7,0.4,0.2,-,0.7,0.8,0.9,0.1,1.1,1.5,50.5,91.1,0.1,1.6,-
97,"Jorginho Chelsea, 27, DMC",37,3165,2,-,8,-,0.5,89.3,0.4,-,6.88,Chelsea,2.1,1.7,-,0.9,1.4,0.2,-,0.8,0.4,0.6,-,0.8,0.9,84.3,89.3,-,2.5,0.4
98,"Nathaniel Mendez-Laing Cardiff, 27, AM(R)",11(9),987,4,1,-,-,1,62,1.2,-,6.88,Cardiff,1.7,0.7,-,0.7,0.7,0.1,-,1,1.5,0.2,0.2,1,1.3,12.8,62,0.5,0.3,0.1
99,"Henrikh Mkhitaryan Arsenal, 30, M(CLR)",19(6),1645,6,4,1,-,2,79.9,0.8,1,6.88,Arsenal,1.1,0.6,-,0.4,0.6,0.1,-,1.2,0.8,0.4,0.1,1,2,31.8,79.9,0.3,0.8,0.2
100,"Jonny Evans Leicester, 31, D(CL)",21(3),1995,1,-,2,-,0.5,84.7,3,-,6.88,Leicester,1,1.4,0.8,6.1,0.2,0.4,-,0.2,-,0.7,-,0.2,0.3,42.9,84.7,-,2.8,-
101,"Seamus Coleman Everton, 30, D(R),M(R)",29,2560,2,2,1,-,0.5,78.1,1.6,-,6.88,Everton,1.5,0.9,0.2,2.6,0.4,0.2,1,0.8,0.7,0.7,0.1,0.8,1.5,41.2,78.1,0.6,1.4,-
102,"Pierre-Emile Højbjerg Southampton, 23, M(C)",31,2764,4,3,7,2,1.7,82.9,1.5,2,6.87,Southampton,2.3,1.9,0.1,0.9,1.6,0.3,-,0.9,0.7,1.5,-,1.5,1.8,57.8,82.9,0.3,3.5,0.1
103,"James Ward-Prowse Southampton, 24, M(CR)",21(5),1942,7,-,4,-,1.2,76.5,0.8,-,6.87,Southampton,1.4,1,-,2,1.1,0.2,1,1.8,0.2,0.4,0.1,0.6,1,27.7,76.5,1.5,1,-
104,"Ashley Young Manchester United, 34, D(LR),M(LR)",28(2),2569,2,2,8,1,0.4,77.5,0.8,-,6.87,Manchester United,1.7,1.8,0.3,1.9,0.6,0.3,-,1.3,0.6,1.1,0.1,0.6,0.8,45.9,77.5,1.4,3.7,-
105,"Wes Morgan Leicester, 35, D(C)",21(1),1926,3,-,1,2,0.6,80.8,4.2,1,6.87,Leicester,1.2,1.5,0.7,4.7,-,0.5,-,0.1,0.1,0.3,0.1,-,0.6,40.5,80.8,-,1.6,-
106,"John Stones Manchester City, 25, D(CR)",20(4),1763,-,-,1,-,0.2,94.2,2.5,-,6.87,Manchester City,0.7,0.6,0.3,2.5,0.2,0.4,-,0.2,0.3,0.3,-,0.1,-,73,94.2,-,4.3,-
107,"Rúben Neves Wolverhampton Wanderers, 22, DMC",34(1),3009,4,3,8,-,2.1,81.2,0.9,-,6.86,Wolverhampton Wanderers,2.1,2.1,-,1.3,1.6,0.5,-,0.7,0.3,0.5,-,0.8,0.8,55.4,81.2,0.1,6.1,-
108,"Nathan Aké Bournemouth, 24, D(CL),DMC",38,3412,4,-,3,-,0.7,86,2.3,1,6.86,Bournemouth,1.7,0.8,0.8,6.1,0.3,0.9,-,0.2,0.1,0.6,0.1,0.2,0.5,44.6,86,0.1,1.9,-
109,"Ben Mee Burnley, 29, D(CL)",38,3420,-,2,9,-,0.6,74.9,3.9,1,6.86,Burnley,1.4,1.3,0.5,6.1,0.2,1.3,2,0.2,0.2,0.5,-,0.1,0.4,39.5,74.9,0.1,4.7,-
110,"Mario Lemina Southampton, 25, DMC",18(3),1616,1,1,5,-,1.2,86,1.4,-,6.85,Southampton,2.3,2,-,1.4,0.9,0.1,-,0.6,1.1,1.1,-,1.5,1.2,38.6,86,0.1,2.1,-
111,"Jonny Wolverhampton Wanderers, 25, D(CLR),M(L)",32(1),2780,1,1,6,-,0.8,77.8,1.2,1,6.85,Wolverhampton Wanderers,2.4,1.8,0.2,1.6,0.9,0.2,-,0.9,0.9,1,0.2,1.2,1.2,32.6,77.8,0.3,1,-
112,"James Tomkins Crystal Palace, 30, D(CR)",29,2563,1,1,6,-,0.8,83,3.1,-,6.85,Crystal Palace,1.2,1.2,0.6,6.2,0.4,0.3,-,0.2,0.1,0.4,-,0.1,0.3,38.3,83,-,4.3,-
113,"Ruben Loftus-Cheek Chelsea, 23, M(CLR)",6(18),985,6,2,-,-,1.2,87.9,0.9,1,6.85,Chelsea,0.8,0.5,-,0.2,0.4,0.2,-,0.7,1.7,1,0.1,1,1,25.4,87.9,-,0.5,-
114,"Gerard Deulofeu Watford, 25, AM(LR),FW",26(4),2083,10,5,3,-,2,77.4,0.1,3,6.84,Watford,0.4,0.5,-,0.1,0.7,-,-,1,1.6,0.4,1.1,2,2.2,23.9,77.4,0.2,0.5,0.1
115,"Romelu Lukaku Manchester United, 26, AM(R),FW",22(10),2130,12,-,4,-,1.7,66.3,2.9,2,6.84,Manchester United,0.3,0.1,-,0.6,0.3,-,-,0.7,0.7,0.1,0.7,1.4,1.6,16.7,66.3,0.2,0.4,0.1
116,"Danny Rose Tottenham, 29, D(L),M(L)",20(6),1798,-,3,5,-,0.6,73.7,1,1,6.84,Tottenham,1.9,0.9,0.2,0.8,0.5,0.2,-,1,1.3,1.8,-,0.7,1.9,35.7,73.7,0.8,1,-
117,"Marko Arnautovic West Ham, 30, AM(CLR),FW",24(4),2001,10,4,3,-,2.2,74.7,0.9,2,6.84,West Ham,0.3,0.1,-,0.2,0.2,0.1,-,1.3,0.7,0.4,0.8,1.1,1.7,22.9,74.7,0.2,0.4,0.1
118,"Toby Alderweireld Tottenham, 30, D(CR)",33(1),2924,-,-,3,-,0.6,88.5,1.6,-,6.84,Tottenham,1.1,0.7,0.6,4.9,0.3,0.6,1,0.2,-,-,-,-,0.2,69.4,88.5,0.1,7.1,0.1
119,"David Brooks Bournemouth, 22, AM(CR)",29(1),2278,7,5,3,-,1.4,73.1,0.2,1,6.83,Bournemouth,1.2,0.8,-,0.8,0.8,0.2,-,1,0.8,1.5,0.1,1.4,1.9,28.5,73.1,0.3,0.7,0.2
120,"Danny Ings Southampton, 27, AM(C),FW",23(1),1668,7,3,1,-,2.3,71.4,0.8,-,6.83,Southampton,1.3,0.2,-,0.3,0.7,0.1,-,1.2,0.8,0.9,0.3,1.2,2.3,16.3,71.4,-,0.5,0.2
121,"Davinson Sánchez Tottenham, 23, D(C)",22(1),1943,1,1,2,-,0.6,89.9,2.9,-,6.83,Tottenham,1.6,1.3,1.1,4.4,0.7,0.4,-,0.2,-,0.4,-,0.1,0.3,62.6,89.9,-,2.7,-
122,"Callum Paterson Cardiff, 24, D(R),M(CR),FW",21(6),1996,4,1,4,-,1.5,48.4,7.5,1,6.82,Cardiff,0.8,0.3,-,1,0.8,0.1,-,0.9,0.2,1.1,0.4,0.4,1.1,20.4,48.4,0.2,0.5,-
123,"Calum Chambers Fulham, 24, D(CR),DMC",29(2),2587,2,-,9,-,1.1,79,2.1,-,6.82,Fulham,2.1,2.2,0.3,3.5,1,0.4,-,0.5,0.7,0.1,-,0.8,1,47.9,79,-,2.9,-
124,"Sokratis Arsenal, 31, D(CR)",25,2199,1,2,12,-,0.4,89.4,2.2,-,6.82,Arsenal,1.7,1,0.7,4.3,0.5,0.7,-,0.2,0.2,1,-,0.2,0.3,55.5,89.4,-,4.1,-
125,"James McArthur Crystal Palace, 31, M(CLR)",36(2),3072,3,6,7,-,0.9,79.3,1.3,1,6.8,Crystal Palace,2.2,1,0.1,1.2,1.3,0.6,-,0.8,0.5,1,0.1,0.9,1.4,36.8,79.3,0.1,1.7,0.1
126,"Jamaal Lascelles Newcastle United, 25, D(C)",32,2748,-,1,4,-,0.3,76.7,2.9,-,6.8,Newcastle United,1,1.2,0.5,6.6,0.1,0.9,-,0.1,-,0.3,-,0.2,0.3,34.5,76.7,-,2.3,-
127,"Ashley Westwood Burnley, 29, DMC",31(3),2822,2,7,5,-,0.6,76.4,0.6,1,6.8,Burnley,1.7,1.4,-,1.2,0.7,0.3,-,1.2,0.2,0.6,-,0.5,0.9,41.7,76.4,0.9,3,0.1
128,"Solly March Brighton, 25, AM(CLR)",30(5),2475,1,5,1,-,1.2,70.6,0.5,-,6.79,Brighton,1.6,0.8,-,0.7,0.7,0.1,-,1.2,1.4,0.9,0.2,1.2,1.3,21.6,70.6,1.3,0.9,-
129,"Alisson Liverpool, 26, GK",38,3420,-,-,1,-,-,80.3,0.3,-,6.79,Liverpool,0.1,-,-,0.8,-,-,-,-,0.1,-,-,-,-,28.3,80.3,-,4.8,-
130,"Chris Smalling Manchester United, 29, D(CR)",24,2128,1,-,1,-,0.5,86.2,4.3,1,6.79,Manchester United,1.3,1.1,0.5,4.4,0.3,1,1,0.1,-,0.3,0.1,-,0.3,39.8,86.2,-,2.1,-
131,"Antonio Rüdiger Chelsea, 26, D(CR)",33,2874,1,-,7,-,0.8,91.5,2.5,-,6.78,Chelsea,1,1,0.6,2.9,0.4,0.2,-,0.2,0.1,0.5,-,0.3,0.2,76.9,91.5,-,4.5,0.1
132,"Robert Snodgrass West Ham, 31, AM(CLR)",25(8),2224,2,5,10,-,0.9,82.1,0.8,3,6.78,West Ham,1.3,0.3,0.1,0.5,1,0.1,-,1.8,1,1.5,0.1,1.3,1.8,29.4,82.1,1.8,0.8,0.1
133,"Mesut Özil Arsenal, 30, M(CLR)",20(4),1742,5,2,2,-,0.5,88.6,0.2,2,6.78,Arsenal,0.5,0.2,-,0.2,0.8,0.1,-,1.9,0.9,0.9,0.4,1.4,2,46.6,88.6,0.8,1.2,0.1
134,"Kurt Zouma Everton, 24, D(CR)",29(3),2613,2,2,3,1,0.6,83.6,3.1,-,6.78,Everton,1,1.7,0.6,3.8,0.2,0.4,-,0.2,0.2,0.5,0.1,0.4,0.5,45.1,83.6,-,3.2,-
135,"Zanka Huddersfield, 29, D(C)",24,2148,3,1,6,-,0.3,82.1,1.5,1,6.77,Huddersfield,2,2.9,0.5,3.4,0.8,0.6,-,0.3,0.1,0.6,-,0.3,0.3,48.9,82.1,-,2.9,-
136,"Joe Bennett Cardiff, 29, D(L),M(L)",30,2641,-,1,5,-,0.3,71.8,1.2,-,6.77,Cardiff,1.7,2,0.1,2.8,0.5,0.3,-,0.5,0.8,1.2,-,0.4,0.3,23.1,71.8,0.4,1.4,-
137,"Ryan Bennett Wolverhampton Wanderers, 29, D(C)",34,3060,1,-,12,-,0.4,79.6,3.6,-,6.77,Wolverhampton Wanderers,1.7,1.3,0.2,3.6,0.5,0.6,-,0.3,0.1,0.3,-,-,0.1,39.6,79.6,-,2,-
138,"Nemanja Matic Manchester United, 30, DMC",28,2441,1,-,6,1,0.4,86.9,2,-,6.76,Manchester United,1.8,1.1,-,1.9,1,0.6,-,0.5,0.6,0.7,-,1.4,0.9,65.6,86.9,0.1,3.9,-
139,"Oriol Romeu Southampton, 27, DMC",25(6),2142,1,-,11,-,0.3,79.3,1.5,1,6.76,Southampton,2.6,1.7,0.1,1.2,1.5,0.5,-,0.3,0.5,0.5,-,0.5,0.6,35.5,79.3,-,1.8,-
140,"Abdoulaye Doucouré Watford, 26, M(C)",34(1),3062,5,6,7,-,1.5,83.5,1.2,-,6.76,Watford,2,1,-,1.5,1.1,0.2,1,1.1,0.9,0.4,0.1,1.2,1.7,55.4,83.5,0.1,1.7,0.1
141,"Ashley Barnes Burnley, 29, AM(CL),FW",26(11),2388,12,2,8,-,1.8,59.1,3.6,2,6.75,Burnley,0.8,0.1,-,0.6,0.6,0.2,1,0.6,0.2,1.8,0.6,1.1,2.3,14,59.1,-,0.4,0.1
142,"Moussa Sissoko Tottenham, 29, M(CR)",27(2),2337,-,3,2,-,0.5,86.7,0.8,-,6.75,Tottenham,1.2,0.6,-,0.7,0.5,0.1,-,0.9,1.2,0.7,0.1,1,1.4,46.5,86.7,0.1,1.4,-
143,"Charlie Taylor Burnley, 25, D(L),M(L)",35(3),3240,-,1,2,-,0.2,72.5,1.9,-,6.75,Burnley,1.4,1.1,0.3,2.2,0.7,0.9,-,0.3,1.1,1.3,-,0.4,1,30.9,72.5,0.6,2.2,-
144,"Johann Gudmundsson Burnley, 28, AM(CLR)",19(10),1749,3,6,2,-,1.1,72.5,1.1,2,6.74,Burnley,0.9,1.1,-,1.1,0.6,0.1,-,1.3,0.6,0.8,0.1,1,1.4,16.9,72.5,1.3,0.6,-
145,"Pablo Zabaleta West Ham, 34, D(R),DMC,M(R)",23(3),2092,-,1,4,-,0.3,76.7,1.8,-,6.74,West Ham,1.8,1.8,0.3,3.3,1,0.6,-,0.3,0.5,1.2,-,0.5,0.7,33.1,76.7,0.3,1.4,-
146,"Naby Keita Liverpool, 24, M(C)",16(9),1394,2,1,-,-,1.1,88.5,0.4,-,6.74,Liverpool,1.5,0.5,-,0.5,1.1,0.2,-,0.4,1,0.6,-,1.2,1.4,40.2,88.5,-,0.6,0.1
147,"Angelo Ogbonna West Ham, 31, D(C)",20(4),1871,1,1,2,-,0.6,83.6,3.2,-,6.74,West Ham,1.3,1.5,1,4.1,0.4,0.8,-,0.2,-,0.3,-,0.2,0.2,33.1,83.6,-,1.8,-
148,"Eric Dier Tottenham, 25, D(CR),DMC",18(2),1510,3,-,4,-,0.5,84.9,1.8,-,6.74,Tottenham,1.3,1.1,-,2.1,1.4,0.6,-,0.4,0.1,0.5,-,0.5,0.6,54.2,84.9,0.1,2.3,0.1
149,"Vicente Guaita Crystal Palace, 32, GK",20,1755,-,-,2,-,-,42.5,0.4,2,6.74,Crystal Palace,-,-,-,1,-,-,-,-,-,0.3,-,-,-,25,42.5,-,6.3,-
150,"Paul Dummett Newcastle United, 27, D(CL)",21(5),1987,-,-,1,-,0.3,71.1,2.3,-,6.74,Newcastle United,1.3,1.4,0.4,4.7,0.5,0.4,-,0.2,0.1,0.4,-,-,0.4,29.2,71.1,0.3,2,-
151,"Aaron Mooy Huddersfield, 28, M(C)",25(4),2327,3,1,4,-,1.5,80.2,0.5,1,6.73,Huddersfield,2.1,0.5,-,0.7,1.1,0.2,-,1.5,0.8,0.4,-,1.6,1.2,44.1,80.2,1.4,2.1,-
152,"Neil Etheridge Cardiff, 29, GK",38,3420,-,-,2,-,-,32.3,0.2,3,6.72,Cardiff,-,0.2,-,0.8,-,-,-,0.1,-,0.1,-,-,-,30.1,32.3,-,9.1,-
153,"Will Hughes Watford, 24, M(CR)",31(1),2436,2,4,5,-,1,76.4,0.7,-,6.72,Watford,2.3,0.8,-,0.7,1.1,0.2,-,0.9,0.8,2.2,-,1.6,1.8,30,76.4,0.1,0.5,-
154,"Lewis Dunk Brighton, 27, D(C)",36,3153,2,1,5,1,0.6,82.8,3.3,1,6.72,Brighton,1.2,1.3,0.3,5.4,0.6,1.1,-,0.3,-,0.4,-,0.1,0.4,41.4,82.8,-,4.5,-
155,"Lucas Torreira Arsenal, 23, DMC",24(10),2381,2,2,7,1,0.7,87.4,0.6,-,6.72,Arsenal,1.9,1.2,0.1,0.9,0.9,0.2,-,0.5,0.4,2.3,-,0.8,0.9,46.8,87.4,0.2,1.8,-
156,"Mamadou Sakho Crystal Palace, 29, D(C)",27,2417,-,-,2,-,0.1,88.6,1.9,-,6.72,Crystal Palace,0.9,1.5,0.6,4.9,0.3,0.6,-,0.2,0.3,0.5,-,0.2,0.4,48.9,88.6,-,2.2,-
157,"Víctor Camarasa Cardiff, 25, M(CR)",31(1),2579,5,4,6,-,1.3,75.1,0.6,-,6.72,Cardiff,0.9,1,-,0.8,0.8,0.1,-,1.6,1.1,0.9,-,1.5,1.9,27.7,75.1,1.3,1.4,-
158,"Maxime Le Marchand Fulham, 29, D(CL)",25(1),2252,-,1,5,-,0.2,83.3,2.2,-,6.72,Fulham,2.2,2.1,0.6,4.7,0.9,0.6,-,0.3,0.4,0.3,0.1,0.2,0.4,53.3,83.3,0.2,3.5,-
159,"Patrick van Aanholt Crystal Palace, 28, D(L),M(L)",36,3198,3,2,3,-,1.3,79.8,0.3,-,6.71,Crystal Palace,1.3,1.1,0.2,2.3,0.4,0.3,-,1,0.6,0.4,0.3,0.4,1,44.7,79.8,0.3,1.9,0.1
160,"Martín Montoya Brighton, 28, D(LR)",24(1),2166,-,1,4,-,0.3,80,1,-,6.71,Brighton,2.3,1.9,0.3,2.5,0.9,0.4,-,0.7,0.5,0.6,-,0.4,0.8,34.3,80,0.6,1.5,-
161,"Adam Smith Bournemouth, 28, D(LR),M(R)",25,2073,1,1,5,1,0.3,82,1.1,-,6.71,Bournemouth,1.8,1.2,0.2,2.3,0.9,0.3,-,0.4,0.8,1.7,-,0.4,1,34.9,82,0.2,0.9,-
162,"Xherdan Shaqiri Liverpool, 27, M(CLR)",11(13),1059,6,3,2,-,1.1,81.2,0.1,1,6.71,Liverpool,0.6,0.3,-,0.3,0.4,-,-,0.8,0.3,0.6,0.1,0.8,1,26.6,81.2,0.5,1.5,0.2
163,"Aaron Ramsey Arsenal, 28, M(CR)",14(14),1331,4,6,-,-,1.2,82,0.5,-,6.7,Arsenal,1.2,0.3,-,0.1,0.6,-,-,0.9,0.4,0.7,0.1,1,1.3,27.6,82,0.2,0.9,-
164,"Juan Mata Manchester United, 31, AM(CLR)",16(6),1295,3,2,3,-,0.9,86,0.1,-,6.7,Manchester United,0.4,0.3,-,0.2,0.7,-,-,1.4,0.5,0.4,0.4,0.9,0.6,31.8,86,0.6,2.2,0.1
165,"Steve Mounie Huddersfield, 24, FW",19(12),1778,2,3,1,1,2,64.5,6.8,2,6.69,Huddersfield,0.3,0.2,-,0.5,0.3,-,-,0.6,0.4,0.5,0.5,1.2,2,18,64.5,-,0.1,-
166,"Ben Foster Watford, 36, GK",38,3420,-,-,1,-,-,44.8,0.5,1,6.69,Watford,0.1,0.1,-,1.2,0.1,-,-,0.1,-,0.2,-,-,-,30.3,44.8,-,9.6,-
167,"Dan Gosling Bournemouth, 29, M(C)",19(6),1738,2,1,8,-,0.8,79.6,1.4,-,6.69,Bournemouth,2.3,0.8,-,1.8,1,0.4,-,0.4,0.5,1,0.1,0.8,0.8,38.8,79.6,-,1.9,0.1
168,"André-Frank Zambo Anguissa Fulham, 23, DMC",16(6),1519,-,-,1,1,1,87.4,1,-,6.69,Fulham,2.2,1.5,0.1,1.3,1.5,0.3,-,0.3,1.9,0.8,0.1,1.8,1.7,47.4,87.4,-,1.6,-
169,"Ben Davies Tottenham, 26, D(CL),M(L)",20(7),1839,-,-,2,-,0.5,82.8,1.7,1,6.69,Tottenham,2.1,0.9,0.3,2.3,0.6,0.4,-,0.6,0.1,0.5,-,0.4,0.7,40.2,82.8,0.3,1.2,-
170,"Bruno Ecuele Manga Cardiff, 31, D(CR)",37(1),3374,-,1,-,-,0.3,64.9,2.3,-,6.69,Cardiff,1.8,2.1,0.3,4.5,0.8,0.7,-,0.2,0.3,0.3,-,0.3,0.6,25.2,64.9,0.1,2.4,-
171,"Bernd Leno Arsenal, 27, GK",31(1),2833,-,-,-,-,-,69.2,0.2,-,6.68,Arsenal,-,0.1,-,1,0.1,-,-,-,-,0.2,-,-,-,28.8,69.2,-,4.9,-
172,"Victor Lindelöf Manchester United, 25, D(CR)",29(1),2602,1,1,1,-,0.3,89.2,2.3,-,6.68,Manchester United,1.3,0.8,0.7,3.9,0.3,0.4,1,0.2,0.3,0.5,-,0.1,0.4,49.7,89.2,-,2.1,-
173,"Pascal Groß Brighton, 28, M(C)",24(1),1878,3,3,1,-,1,75.6,0.7,1,6.68,Brighton,1.1,0.5,-,0.9,1,0.3,-,2.2,0.2,0.5,0.2,0.8,1.4,32.4,75.6,1.8,2.1,-
174,"Aaron Cresswell West Ham, 29, D(CL),M(L)",18(2),1591,-,1,1,-,0.6,81.4,1.3,-,6.68,West Ham,1.5,1.2,0.4,2.1,0.6,0.4,-,0.9,0.3,0.6,0.1,0.3,0.7,40.6,81.4,0.8,1.5,-
175,"Marc Albrighton Leicester, 29, M(LR)",18(9),1627,2,2,3,-,0.7,65.9,0.6,-,6.68,Leicester,1.3,0.9,-,0.9,0.7,0.1,-,1.1,0.7,0.7,0.1,0.9,1.3,23,65.9,0.8,1.7,-
176,"Chris Wood Burnley, 27, FW",29(9),2596,10,2,2,-,1.6,64.8,3.5,2,6.67,Burnley,0.3,0.1,-,0.7,0.3,0.1,-,0.6,0.2,0.6,1.4,1.2,2.4,15.8,64.8,0.1,0.1,0.1
177,"Christian Kabasele Watford, 28, D(C)",19(2),1587,-,-,2,1,0.4,73.9,2.9,1,6.67,Watford,1.2,1.8,1.1,5,0.6,0.8,-,0.1,-,0.7,-,-,0.3,26.2,73.9,-,2.1,-
178,"Jordan Henderson Liverpool, 29, M(CLR)",21(11),1983,1,3,1,1,0.5,87.2,0.8,-,6.67,Liverpool,1.4,0.9,-,0.4,0.7,0.1,-,0.5,0.2,0.4,-,0.3,0.7,54.4,87.2,0.2,3.3,0.1
179,"Jeffrey Schlupp Crystal Palace, 26, D(L),M(CL)",18(12),1667,4,1,1,-,0.9,75.9,1.8,1,6.66,Crystal Palace,1.4,0.6,-,0.7,0.6,0.3,-,0.5,0.7,0.5,-,0.8,1,21,75.9,0.1,0.5,-
180,"Ederson Manchester City, 25, GK",38,3420,-,1,2,-,-,82.6,0.3,-,6.66,Manchester City,0.1,-,-,0.5,-,-,-,0.1,-,0.1,-,-,-,24.2,82.6,-,3.3,-
181,"Roberto Pereyra Watford, 28, M(CLR)",33,2825,6,1,3,-,1.7,83.2,0.1,1,6.66,Watford,0.6,0.7,-,0.6,0.5,-,-,1.1,1.2,1.1,0.1,2,2.5,34,83.2,0.2,1.4,-
182,"Craig Cathcart Watford, 30, D(CR)",35(1),3099,3,-,2,-,0.4,81.5,2.4,2,6.66,Watford,1.4,1.1,1.1,5,0.4,0.8,2,-,0.1,0.2,-,0.1,0.3,35.5,81.5,-,2.7,-
183,"Yan Valery Southampton, 20, D(R),M(R)",20(3),1715,2,1,3,1,0.3,61.9,1.8,-,6.66,Southampton,1.8,1,0.3,2.5,0.6,0.1,-,0.3,1,0.3,0.1,1.3,1.4,17.3,61.9,0.3,0.6,-
184,"Dale Stephens Brighton, 30, M(C)",29(1),2487,1,1,6,1,0.4,83.7,0.9,1,6.66,Brighton,2.8,1.5,-,1.5,1.5,0.4,-,0.6,0.2,0.3,-,0.5,0.9,45.1,83.7,-,4.1,-
185,"Joe Bryan Fulham, 25, D(L),M(CL)",27(1),2347,-,1,5,-,0.8,75.4,1.1,-,6.65,Fulham,2.2,1.1,0.1,2.5,0.6,0.4,-,0.9,0.5,1,0.1,0.6,0.8,33.9,75.4,0.8,1.7,-
186,"Ross Barkley Chelsea, 25, M(CLR)",13(14),1243,3,5,1,-,1.5,91.2,0.7,1,6.65,Chelsea,0.6,0.3,-,0.5,0.4,-,-,0.8,0.6,1,-,1.2,0.7,35.3,91.2,-,1.5,0.1
187,"André Gomes Everton, 25, M(CLR)",24(3),1986,1,1,7,-,0.8,84.8,1.4,-,6.65,Everton,1.4,0.7,-,0.7,1.7,0.1,-,0.2,1.5,1,-,1.9,1.3,44.4,84.8,0.1,3.5,-
188,"Glenn Murray Brighton, 35, FW",30(8),2513,13,1,5,-,1.4,58.3,4.6,3,6.65,Brighton,0.4,0.1,0.1,0.4,0.4,0.1,-,0.3,0.2,1.4,1,0.9,2.2,15.9,58.3,-,0.2,-
189,"Mateo Kovacic Chelsea, 25, M(CL)",21(11),1745,-,2,3,-,0.9,92,0.3,-,6.65,Chelsea,1.4,0.3,-,0.6,0.8,0.1,-,0.8,1.3,1,-,1.2,0.8,45.9,92,-,0.9,0.2
190,"Davy Pröpper Brighton, 27, M(C)",30,2551,1,1,2,-,0.5,80,1.2,1,6.65,Brighton,1.7,1.8,-,1.1,1.2,0.2,-,0.6,1,0.6,-,0.8,1.5,40.4,80,0.1,2.5,0.1
191,"Mark Noble West Ham, 32, M(C)",29(2),2308,5,5,6,1,0.5,85.3,0.3,-,6.65,West Ham,1.5,0.7,-,0.4,1.2,0.1,-,0.7,0.5,1.2,-,1.1,0.9,48.6,85.3,0.2,4.4,0.2
192,"Anthony Knockaert Brighton, 27, AM(LR)",18(12),1833,2,6,4,1,0.9,76.9,0.5,-,6.64,Brighton,1.1,1,-,0.2,0.6,-,-,1.2,1,0.6,0.1,1,1.7,20.5,76.9,1.3,1.3,-
193,"Gabriel Jesus Manchester City, 22, AM(LR),FW",8(21),1022,7,3,1,-,1.5,82.6,0.5,1,6.64,Manchester City,0.3,0.1,-,0.1,0.2,0.1,-,0.7,0.8,0.6,0.5,1,1.1,12.3,82.6,-,0.1,-
194,"Matthew Lowton Burnley, 30, D(LR),M(R)",19(2),1748,-,-,7,-,0.2,69,1.2,-,6.64,Burnley,2.7,1.4,0.1,3.4,1.3,0.3,-,0.4,0.6,0.6,-,0.5,0.3,30.4,69,0.3,3.4,-
195,"Sam Vokes Burnley, 29, FW",10(10),916,3,-,-,-,1.1,50.7,6.3,-,6.63,Burnley,0.2,-,-,0.9,-,0.1,-,0.4,0.2,0.5,0.4,0.7,1.4,13.4,50.7,-,0.1,-
196,"Yves Bissouma Brighton, 22, M(C)",17(11),1771,-,-,5,-,1.1,81.8,1,1,6.63,Brighton,2.2,1.2,-,0.9,0.6,0.2,-,0.5,1.7,0.9,0.1,1.1,1.5,25.5,81.8,0.1,0.9,-
197,"Kepa Arrizabalaga Chelsea, 24, GK",36,3240,-,-,2,-,-,85.4,0.2,1,6.63,Chelsea,-,-,-,0.4,-,-,-,-,-,0.1,-,-,-,27.9,85.4,-,5.2,-
198,"Alex Iwobi Arsenal, 23, AM(CLR)",22(13),1976,3,6,-,-,1,77.8,0.1,-,6.62,Arsenal,0.8,0.3,-,0.3,0.5,-,-,1.1,1.3,0.4,0.1,1.6,2,27.2,77.8,0.3,0.8,-
199,"Denis Odoi Fulham, 31, D(CLR)",29(2),2594,-,1,4,-,0.3,82.1,1.8,-,6.62,Fulham,1.5,1.3,0.3,4.6,0.4,0.8,1,0.4,0.5,1,-,0.4,0.6,43,82.1,0.1,2.2,-
200,"Martin Dubravka Newcastle United, 30, GK",38,3420,-,-,1,-,-,53.4,0.4,1,6.62,Newcastle United,0.1,-,-,0.9,0.1,-,-,-,-,0.1,-,-,-,27.2,53.4,-,7.4,-
201,"Dominic Calvert-Lewin Everton, 22, AM(L),FW",19(16),1776,6,2,3,-,1.5,61.7,3.2,-,6.61,Everton,0.4,0.2,-,0.5,0.2,0.1,-,0.3,0.6,0.9,0.2,1.2,1.9,12.2,61.7,0.1,0.3,-
202,"Cyrus Christie Fulham, 26, D(R),M(R)",19(9),1945,-,1,7,-,0.4,76.4,2,-,6.61,Fulham,1.5,1,0.2,2.9,0.8,0.4,-,0.6,1,0.5,0.1,1,1,31.6,76.4,0.6,0.8,-
203,"Ryan Bertrand Southampton, 29, D(CL),M(L)",24,2160,1,-,8,-,0.7,75.5,1.6,-,6.61,Southampton,1.9,1.2,0.1,1.8,0.6,0.2,-,1,0.3,0.9,-,0.3,1.3,32.3,75.5,0.9,0.8,0.1
204,"Sead Kolasinac Arsenal, 26, D(L),M(L)",22(2),1891,-,5,5,-,0.4,77.7,0.8,-,6.61,Arsenal,1.4,0.8,-,1,0.6,0.1,-,1.3,0.5,0.4,0.4,0.7,1.3,40.5,77.7,0.5,0.8,-
205,"Aron Gunnarsson Cardiff, 30, M(C)",27(1),2275,1,1,5,-,0.7,71.6,1.7,-,6.61,Cardiff,1.8,1.4,-,1.9,2.2,0.4,-,0.6,0.4,1.1,-,0.3,0.9,26.8,71.6,0.1,1.5,-
206,"Cheikhou Kouyaté Crystal Palace, 29, D(CR),DMC",21(10),1897,-,2,3,-,0.6,80.1,2.1,-,6.61,Crystal Palace,1.9,0.5,0.1,1,0.8,0.4,-,0.5,0.4,0.5,0.1,0.7,0.8,24.7,80.1,-,0.6,-
207,"Jonathan Hogg Huddersfield, 30, DMC",29,2377,-,1,8,1,0.3,83.2,1.1,-,6.6,Huddersfield,2.7,2.5,-,0.6,1.4,0.2,-,0.6,0.3,1.2,-,0.7,1.1,53.3,83.2,0.1,2.4,-
208,"Adrian Mariappa Watford, 32, D(CR)",20(6),1924,-,-,3,-,0.3,82.3,2.3,1,6.6,Watford,1.3,1,0.7,4.5,0.6,0.6,-,0.2,-,0.2,-,0.2,0.2,34,82.3,-,2.2,-
209,"Tom Cairney Fulham, 28, M(CR)",24(7),2200,1,1,-,-,0.8,90.2,0.3,-,6.6,Fulham,1.2,0.3,-,0.4,0.1,0.2,-,1.3,1.4,1.3,-,1.6,1.1,44.3,90.2,0.2,1.9,0.1
210,"Bernard Everton, 26, AM(L)",25(9),2129,1,3,5,-,0.7,75.3,0.1,-,6.6,Everton,1.4,0.8,-,0.4,1.2,0.1,-,1.2,1.2,0.8,0.1,1.2,2.2,23.7,75.3,0.4,0.5,0.1
211,"Alexis Sánchez Manchester United, 30, M(CLR),FW",9(11),877,1,3,3,-,0.9,74.6,0.4,-,6.6,Manchester United,0.9,0.5,-,0.1,0.4,-,-,1.1,0.7,0.9,0.4,1.3,1.1,19.1,74.6,0.3,1.2,0.1
212,"Jesse Lingard Manchester United, 26, AM(CLR)",19(8),1670,4,2,3,-,1.2,85.7,0.2,1,6.59,Manchester United,1.1,0.4,-,0.2,0.8,0.1,-,0.6,0.5,0.9,0.3,0.7,1.6,28.2,85.7,0.1,0.3,0.1
213,"Adama Traoré Wolverhampton Wanderers, 23, AM(R),FW",8(21),896,1,1,1,-,0.7,72.2,0.8,1,6.59,Wolverhampton Wanderers,0.6,0.2,-,0.2,0.2,-,-,0.6,2.2,0.9,0.2,1.6,1.3,9.3,72.2,0.5,0.2,-
214,"Chicharito West Ham, 31, FW",14(11),1339,7,1,2,-,1.5,71.1,0.5,-,6.59,West Ham,0.1,-,-,0.3,0.2,-,-,0.2,0.5,1.4,0.4,0.4,1.2,12.9,71.1,-,0.4,0.1
215,"André Schürrle Fulham, 28, M(CLR),FW",21(3),1650,6,-,2,-,2.3,77.8,0.6,1,6.59,Fulham,1.3,0.3,-,0.7,1.3,-,-,0.9,0.8,0.8,0.5,1.4,2.1,21.8,77.8,0.4,0.7,-
216,"Christopher Schindler Huddersfield, 29, D(C)",37,3262,1,-,4,1,0.4,82.8,3.7,1,6.59,Huddersfield,1.6,1.9,0.6,3.6,0.5,0.9,-,0.1,-,0.5,-,0.1,0.2,41.9,82.8,-,4,-
217,"Terence Kongolo Huddersfield, 25, D(CL)",32,2722,1,1,4,-,0.4,78,1.7,-,6.58,Huddersfield,2.3,2,0.4,3,0.6,0.5,1,0.3,0.3,0.8,0.1,0.1,0.5,35.9,78,0.1,2.2,-
218,"Alex McCarthy Southampton, 29, GK",25,2250,-,-,1,-,-,45,0.6,1,6.58,Southampton,-,-,-,0.9,-,-,-,-,-,0.1,-,-,-,23.4,45,-,5.6,-
219,"Jack Cork Burnley, 30, DMC",37,3313,1,2,6,-,0.5,81.2,1.4,-,6.58,Burnley,1.4,0.8,-,2.1,0.8,0.4,-,0.5,0.8,1,0.1,1,1.2,35.9,81.2,0.1,2.1,0.1
220,"Sergio Rico Fulham, 25, GK",29,2610,-,-,1,-,-,53.8,0.5,2,6.57,Fulham,-,-,-,1.2,-,-,-,0.1,-,0.2,-,-,-,27.4,53.8,-,9.2,-
221,"Mohamed Diamé Newcastle United, 32, M(CLR)",24(5),2166,-,-,3,-,0.7,77.2,1.2,-,6.57,Newcastle United,2.7,1,-,1.2,1.3,0.3,-,0.1,0.6,0.7,-,1.3,1.1,25.3,77.2,-,1.3,-
222,"Kiko Femenía Watford, 28, D(R),M(R)",22(7),2046,1,1,1,-,0.2,83.1,0.4,-,6.55,Watford,1.7,1.2,0.2,2.2,0.9,0.2,-,0.4,0.4,0.5,0.1,0.4,0.7,31.9,83.1,0.5,1.1,-
223,"Harry Winks Tottenham, 23, DMC",17(9),1592,1,-,4,-,0.3,91.8,0.5,1,6.55,Tottenham,0.8,0.8,-,0.7,1,0.1,-,0.3,0.7,0.6,0.1,0.8,0.6,53.4,91.8,-,2.2,-
224,"Jean Michael Seri Fulham, 28, M(C)",27(5),2252,1,2,6,-,0.6,87,0.4,-,6.55,Fulham,1.3,1,-,0.4,1,0.3,-,1.8,0.5,0.7,-,0.8,1,49.8,87,1.2,3.1,-
225,"Matteo Guendouzi Arsenal, 20, DMC",23(10),2144,-,-,9,-,0.5,87.7,0.5,-,6.55,Arsenal,1.3,0.9,0.1,0.7,0.9,0.2,-,0.5,0.7,1.9,-,0.9,0.9,48.4,87.7,-,2.4,0.2
226,"Lee Peltier Cardiff, 32, D(CLR),DMC,M(R)",17(3),1543,-,-,4,-,0.1,60.2,1.5,-,6.54,Cardiff,2,0.9,0.2,2.7,0.6,0.6,-,0.1,0.2,0.3,-,0.2,0.4,17.1,60.2,0.2,1.1,-
227,"Josh Murphy Cardiff, 24, AM(LR),FW",22(7),1826,3,2,2,-,1.6,60.4,0.4,1,6.54,Cardiff,0.9,0.4,-,0.3,0.7,-,-,0.6,1.3,1.9,0.3,1.3,1.5,10.6,60.4,0.5,0.4,0.1
228,"Kasper Schmeichel Leicester, 32, GK",38,3420,-,-,3,-,-,65.5,0.3,-,6.54,Leicester,-,0.1,-,0.8,-,-,-,-,-,0.1,-,-,-,29.4,65.5,-,9.2,-
229,"Kenedy Newcastle United, 23, D(L),M(L)",14(11),1345,1,1,1,-,1.2,72.3,0.3,1,6.53,Newcastle United,1.2,1.3,-,0.8,0.7,-,-,0.4,1.2,0.9,0.2,1.6,1.7,18.5,72.3,0.4,0.7,-
230,"Jack Stephens Southampton, 25, D(C)",19(5),1699,1,-,4,-,0.3,75,2.3,1,6.52,Southampton,1,1.5,0.3,3.9,0.5,0.5,-,0.2,0.2,0.3,-,0.2,0.4,32,75,-,2.4,-
231,"Jonas Lössl Huddersfield, 30, GK",30(1),2777,-,1,1,-,-,61.2,0.5,1,6.52,Huddersfield,-,0.1,-,1,-,-,-,0.1,-,0.1,-,-,-,32.5,61.2,-,10.5,-
232,"David de Gea Manchester United, 28, GK",38,3420,-,-,1,-,-,60,0.1,1,6.52,Manchester United,-,-,-,0.6,0.1,-,-,-,-,0.1,-,-,-,24.9,60,-,7.9,-
233,"Alex Pritchard Huddersfield, 26, AM(CLR)",26(4),2092,2,-,2,-,1.6,74.9,0.5,-,6.51,Huddersfield,1.2,0.6,-,0.2,0.8,0.1,-,1.1,1,1.7,0.2,1.7,2.3,29.9,74.9,0.6,1,-
234,"Theo Walcott Everton, 30, M(CLR),FW",24(13),2124,5,2,1,-,1.2,72.6,0.4,-,6.51,Everton,0.7,0.6,-,0.2,0.4,-,-,0.6,0.8,0.7,0.5,1,2.1,15.6,72.6,0.3,0.2,-
235,"Demarai Gray Leicester, 23, AM(CLR),FW",23(11),1996,4,1,2,-,1.4,77.6,0.3,-,6.51,Leicester,0.7,0.3,-,0.4,0.3,-,-,0.5,1.2,0.4,0.1,1.1,1.7,19.3,77.6,0.1,0.6,-
236,"Stuart Armstrong Southampton, 27, AM(CL)",16(13),1433,3,2,2,-,1.1,78.6,0.6,-,6.5,Southampton,1,0.4,-,0.4,1.2,-,-,1,0.7,0.7,0.1,0.9,1.4,21.1,78.6,0.1,0.7,-
237,"Shane Long Southampton, 32, AM(R),FW",12(14),1271,5,1,3,-,1.2,64.6,2.8,1,6.5,Southampton,0.6,0.3,-,0.7,0.5,-,-,0.5,0.2,0.9,0.5,0.8,2,11.7,64.6,-,-,-
238,"DeAndre Yedlin Newcastle United, 26, D(R),M(R)",28(1),2475,1,2,6,1,0.4,71.6,1,-,6.5,Newcastle United,1.9,1,0.2,2.4,0.8,0.3,1,1,0.3,0.4,0.1,0.3,1.2,25.2,71.6,0.6,0.9,-
239,"Jordan Ayew Crystal Palace, 27, AM(CLR),FW",14(6),1187,1,2,3,-,1.4,77.7,1.6,1,6.5,Crystal Palace,1.9,0.4,-,0.3,0.7,-,-,0.8,0.6,1.3,0.5,1.6,2.4,13.3,77.7,-,0.3,-
240,"Jordan Pickford Everton, 25, GK",38,3420,-,-,1,-,-,55.7,0.3,2,6.5,Everton,-,-,-,0.9,-,-,-,-,-,0.1,-,-,0.1,29.4,55.7,-,7.5,-
241,"Juninho Bacuna Huddersfield, 21, M(C)",16(5),1416,1,-,4,-,0.9,75.4,0.8,-,6.49,Huddersfield,2.2,1.1,0.1,0.5,1.5,-,-,0.9,1.2,1,-,0.8,1.9,34,75.4,0.4,2.8,-
242,"Fernando Llorente Tottenham, 34, FW",6(14),685,1,4,2,-,1.2,66.4,2.7,-,6.49,Tottenham,0.2,0.1,-,0.5,0.1,0.1,1,0.7,0.3,0.3,0.3,0.6,1.4,11.2,66.4,-,0.2,-
243,"Max Meyer Crystal Palace, 23, M(CL),FW",15(14),1415,1,2,3,-,1.3,83.9,0.1,-,6.49,Crystal Palace,1.1,0.5,-,0.6,0.3,-,-,0.8,0.4,0.6,-,0.7,1,22.9,83.9,0.1,0.6,-
244,"Luciano Vietto Fulham, 25, AM(R),FW",10(10),987,1,4,1,-,1.2,78.8,0.3,-,6.48,Fulham,0.8,0.3,-,0.3,0.8,-,-,1.1,0.8,1,-,1.3,1.3,19.3,78.8,0.4,0.2,0.1
245,"Ademola Lookman Everton, 21, AM(CLR),FW",3(18),602,-,2,-,-,0.6,84.6,0.3,-,6.47,Everton,0.7,0.3,-,0.1,0.1,-,-,0.5,1.1,1,0.1,1.2,0.9,12,84.6,0.2,0.1,-
246,"David Junior Hoilett Cardiff, 29, M(CLR),FW",23(9),2143,3,1,4,-,1.3,71.6,0.6,-,6.46,Cardiff,1.3,1,-,0.8,1.2,-,-,0.8,0.7,1.2,0.3,1.2,1.6,13.8,71.6,0.6,0.5,-
247,"Rui Patrício Wolverhampton Wanderers, 31, GK",37,3330,-,-,-,-,-,53.6,0.2,-,6.45,Wolverhampton Wanderers,0.1,-,-,0.4,-,-,-,-,-,-,-,-,-,20.5,53.6,-,6.9,-
248,"Joe Ralls Cardiff, 25, DMC,M(L)",22(6),1960,-,-,4,1,0.8,69.2,1.2,-,6.45,Cardiff,1.6,1,-,1,0.8,0.2,-,1.2,0.2,0.4,-,0.5,0.7,27.8,69.2,0.9,2.9,-
249,"Conor Coady Wolverhampton Wanderers, 26, D(CR),DMC",38,3420,-,-,5,-,-,84.3,0.9,1,6.45,Wolverhampton Wanderers,0.8,0.8,0.5,3.3,0.4,0.7,3,0.1,0.1,0.2,-,0.1,0.2,44.4,84.3,-,6.4,-
250,"Charlie Daniels Bournemouth, 32, D(L),M(L)",17(4),1586,1,-,4,-,0.6,78.7,1.4,-,6.45,Bournemouth,1.2,1,0.3,2,0.4,0.2,-,0.5,0.6,0.3,-,0.3,0.6,40,78.7,0.4,1.9,-
251,"Pedro Obiang West Ham, 27, DMC",12(12),1121,-,1,-,-,0.6,80,0.7,-,6.44,West Ham,1.7,0.5,0.1,0.6,1,0.4,-,0.3,0.3,0.5,0.1,0.2,0.5,22.3,80,0.1,2,-
252,"Christian Atsu Newcastle United, 27, AM(CLR)",15(13),1488,1,-,2,-,1,82.2,0.4,-,6.44,Newcastle United,0.9,0.3,-,0.5,0.4,0.1,-,0.6,0.9,0.9,0.1,1.1,1.7,13.7,82.2,0.3,0.4,-
253,"Cenk Tosun Everton, 28, FW",10(15),1050,3,3,3,-,1.5,70.5,1.5,-,6.44,Everton,0.5,0.2,-,0.1,0.4,-,-,0.5,0.1,0.6,0.3,0.8,1.6,10.3,70.5,-,0.3,-
254,"Olivier Giroud Chelsea, 32, FW",7(20),834,2,4,1,-,1.2,68.2,1.4,-,6.43,Chelsea,0.1,0.1,-,0.2,0.1,-,-,0.7,0.1,0.2,0.2,0.2,0.8,9.7,68.2,-,0.2,-
255,"Ryan Sessegnon Fulham, 19, D(L),M(LR)",26(9),2298,2,6,-,-,0.8,73.4,0.5,-,6.42,Fulham,0.6,0.5,0.2,1.1,0.5,0.1,-,0.9,0.9,0.6,0.4,1.5,1.9,19.6,73.4,0.4,0.4,0.1
256,"Mat Ryan Brighton, 27, GK",34,3060,-,-,2,-,-,50.1,0.3,-,6.41,Brighton,-,-,-,0.6,-,-,-,-,-,0.1,-,-,-,27.2,50.1,-,9.7,-
257,"Bobby De Cordova-Reid Cardiff, 26, M(C),FW",16(11),1423,5,2,-,-,1,71.4,0.4,1,6.41,Cardiff,0.6,0.1,-,0.4,0.2,-,-,0.6,0.6,1,0.4,1.1,1.5,11.5,71.4,0.1,0.2,-
258,"Florent Hadergjonaj Huddersfield, 24, D(R),M(R)",19(5),1841,-,-,1,-,0.3,75.2,1,-,6.4,Huddersfield,1.3,0.9,0.3,1.1,1,0.3,-,1,0.4,0.8,0.1,0.1,0.9,30.2,75.2,0.9,1.4,-
259,"Junior Stanislas Bournemouth, 29, M(CLR)",11(12),1027,2,3,1,-,1.5,77.4,0.4,-,6.4,Bournemouth,0.5,0.1,-,0.7,0.2,-,-,0.7,0.5,0.4,0.1,0.4,0.9,21.6,77.4,0.3,0.5,0.1
260,"Harry Arter Cardiff, 29, M(C)",24(1),2009,-,1,10,-,0.9,80.7,0.2,-,6.39,Cardiff,2.5,0.8,-,0.8,1.2,0.2,-,0.4,0.1,0.6,0.1,0.1,0.8,26.3,80.7,0.2,1.7,-
261,"Nampalys Mendy Leicester, 27, M(C)",23(8),2089,-,-,5,-,0.1,88.8,0.3,-,6.37,Leicester,1.1,0.8,-,0.7,0.5,0.3,-,0.2,0.5,1.2,-,0.5,1,35.2,88.8,0.1,1.6,-
262,"Hélder Costa Wolverhampton Wanderers, 25, AM(CLR)",16(9),1346,1,2,3,-,1,81.4,0.4,-,6.36,Wolverhampton Wanderers,0.7,0.4,-,0.2,0.6,-,-,0.7,1,0.9,0.2,1.7,1.9,17.7,81.4,0.1,0.4,-
263,"Andre Gray Watford, 28, FW",13(16),1362,7,2,2,-,1.2,65.7,0.6,-,6.35,Watford,0.1,0.1,-,0.1,0.2,-,-,0.5,0.3,0.3,0.5,0.7,1.9,8.1,65.7,0.1,0.1,-
264,"Chris Löwe Huddersfield, 30, D(L),M(L)",23(6),2057,-,2,2,-,0.6,75.1,0.9,-,6.35,Huddersfield,1.2,0.8,0.1,1.8,0.7,0.1,-,0.7,0.3,0.4,0.1,0.4,0.6,29,75.1,1.1,2.1,-
265,"Ivan Cavaleiro Wolverhampton Wanderers, 25, AM(CLR),FW",6(17),687,3,1,1,-,0.6,75.5,0.4,-,6.35,Wolverhampton Wanderers,0.2,0.2,-,0.2,0.6,-,-,0.8,0.7,0.2,0.3,0.8,1.1,12.8,75.5,0.7,0.1,-
266,"Erik Durm Huddersfield, 27, D(LR),M(LR)",21(7),2054,-,1,-,-,0.4,69,0.8,-,6.33,Huddersfield,1.3,1.5,0.3,1.3,0.7,0.2,-,0.4,0.4,0.8,-,0.5,1.2,27.7,69,0.4,1.3,-
267,"Isaac Success Watford, 23, AM(LR),FW",9(21),1039,1,1,4,-,1,71.3,1,-,6.32,Watford,0.5,0.1,-,0.4,0.1,-,-,0.7,0.5,1.6,0.4,0.8,1.5,11.6,71.3,-,0.3,-
268,"Gaëtan Bong Brighton, 31, D(L)",19(3),1805,-,-,-,-,0.1,74.3,1.1,-,6.31,Brighton,0.7,1.1,0.2,2,0.2,0.3,-,0.4,0.5,0.2,-,0.7,0.8,27.4,74.3,0.4,1.1,-
269,"Tim Ream Fulham, 31, D(CL),DMC",25(1),2051,-,-,1,-,-,87.9,1.8,-,6.3,Fulham,0.9,1,0.6,3,0.5,0.4,-,0.1,0.2,0.3,-,0.2,0.2,40.5,87.9,-,1.4,-
270,"Jürgen Locadia Brighton, 25, AM(LR),FW",12(14),1230,2,-,1,-,1.1,72.8,0.9,-,6.27,Brighton,0.6,0.3,-,0.3,0.2,-,-,0.5,0.2,0.4,0.4,0.6,1.6,12.7,72.8,0.2,0.7,-
271,"Jeff Hendrick Burnley, 27, M(CR)",25(7),2071,3,-,4,-,0.6,75.3,0.5,1,6.27,Burnley,0.8,0.4,-,0.8,0.7,0.2,-,0.4,0.4,0.4,0.3,0.9,1,20.6,75.3,0.1,0.7,-
272,"Charlie Austin Southampton, 30, FW",11(14),981,2,2,1,-,1.3,58.6,1.7,-,6.27,Southampton,0.5,0.1,-,0.5,0.2,0.1,-,0.4,-,0.7,0.4,0.7,1.2,7.9,58.6,-,0.2,-
273,"Asmir Begovic Bournemouth, 32, GK",24,2160,-,-,-,-,-,60.8,0.5,-,6.25,Bournemouth,-,-,-,0.8,0.1,-,-,-,-,0.1,-,-,0.1,22.1,60.8,-,5.7,-
274,"Florin Andone Brighton, 26, FW",8(15),876,3,-,5,-,0.8,67.3,1.6,-,6.22,Brighton,0.4,0.1,-,0.5,0.2,-,-,0.1,0.4,0.9,0.2,1.4,2.1,7.2,67.3,0.1,0.1,-
275,"Kelechi Iheanacho Leicester, 22, AM(C),FW",9(21),931,1,3,2,-,0.6,76.4,0.5,-,6.22,Leicester,0.2,0.1,-,0.1,0.1,-,-,0.4,0.3,0.2,0.3,0.7,1,9.2,76.4,-,0.2,0.1
276,"Laurent Depoitre Huddersfield, 30, FW",10(13),1062,-,1,1,-,1.3,59.9,3.5,-,6.22,Huddersfield,0.3,0.1,-,0.3,0.1,-,-,0.4,0.2,0.4,0.3,1.3,1.8,11.9,59.9,-,0.1,-
277,"Morgan Gibbs-White Wolverhampton Wanderers, 19, AM(C)",5(21),651,-,1,1,-,0.3,83.9,0.5,-,6.2,Wolverhampton Wanderers,0.2,-,-,-,0.1,-,-,0.4,0.5,0.2,0.1,0.6,0.9,12.2,83.9,0.2,0.8,0.1
278,"Elias Kachunga Huddersfield, 27, AM(CLR),FW",13(7),1182,-,-,2,-,0.7,71.3,1.2,-,6.14,Huddersfield,1.1,0.2,-,0.5,0.8,0.1,-,0.3,0.5,1.1,0.5,1,1.1,14.8,71.3,0.3,0.2,-
279,"Isaac Mbenza Huddersfield, 23, AM(LR),FW",10(12),984,1,1,1,-,0.7,75.4,0.1,-,6.14,Huddersfield,0.5,0.2,-,0.2,0.1,-,-,0.3,0.2,0.2,0.2,0.5,0.8,10.5,75.4,0.3,0.4,-
280,"Lys Mousset Bournemouth, 23, FW",1(23),351,1,-,1,-,0.5,71.9,0.4,-,6.11,Bournemouth,0.1,-,-,0.1,0.1,-,-,0.2,0.4,0.2,0.2,0.2,0.8,5,71.9,-,-,-
281,"Shinji Okazaki Leicester, 33, AM(CLR),FW",1(20),271,-,1,-,-,0.2,74.5,0.4,-,6.1,Leicester,0.2,0.1,-,-,-,-,-,-,0.1,0.2,0.1,0.3,0.9,4.5,74.5,-,0.1,-
